{"GeneralSound":0.2514684498310089,"MusicSound":0.7092896699905396,"EffectsSound":0.395355224609375,"MuteApp":false,"MuteOnMin":true}