{"GeneralSound":0.4494343400001526,"MusicSound":0.0,"EffectsSound":0.45825424790382388,"MuteApp":false,"MuteOnMin":true}