{"GeneralSound":0.8824535012245178,"MusicSound":0.0,"EffectsSound":0.45825424790382388,"MuteApp":false,"MuteOnMin":true}