{"GeneralSound":0.8300689458847046,"MusicSound":0.47231653332710268,"EffectsSound":0.6614222526550293,"MuteApp":false,"MuteOnMin":true}